k,Training Error,Test Error
10,0.11666666666666667,0.16
30,0.043333333333333335,0.15
100,0.0033333333333333335,0.13
300,0.0,0.1
500,0.0,0.09
