k,Training Error,Test Error
10,0.3925,0.39666666666666667
30,0.3615,0.395
100,0.336,0.43
300,0.282,0.41333333333333333
500,0.272,0.425
