k,Training Error,Test Error
10,0.1025,0.114
30,0.06583333333333333,0.074
100,0.03383333333333333,0.029
300,0.021666666666666667,0.019
500,0.018666666666666668,0.021
